date,-1,0,1,2,3,4,5,6,7,8,9,10,11,12,13,14,15,16,17,18,19,20,21,22,23
201801,0.2918552036199095,0.2081447963800905,0.1425339366515837,0.029411764705882353,0.042986425339366516,0.006787330316742082,0.03619909502262444,0.038461538461538464,0.024886877828054297,0.024886877828054297,0.04524886877828054,0.0,0.0022624434389140274,0.013574660633484163,0.004524886877828055,0.024886877828054297,0.03167420814479638,0.0022624434389140274,0.011312217194570135,0.004524886877828055,0.0022624434389140274,0.0022624434389140274,0.0022624434389140274,0.0,0.006787330316742082
201802,0.2654690618762475,0.2215568862275449,0.11776447105788423,0.05189620758483034,0.03992015968063872,0.011976047904191617,0.02594810379241517,0.05389221556886228,0.031936127744510975,0.023952095808383235,0.02594810379241517,0.0,0.017964071856287425,0.02594810379241517,0.007984031936127744,0.015968063872255488,0.02594810379241517,0.003992015968063872,0.003992015968063872,0.001996007984031936,0.00998003992015968,0.005988023952095809,0.003992015968063872,0.001996007984031936,0.003992015968063872
201803,0.27393617021276595,0.2579787234042553,0.10372340425531915,0.0425531914893617,0.03723404255319149,0.02127659574468085,0.02127659574468085,0.03723404255319149,0.0398936170212766,0.02127659574468085,0.026595744680851064,0.0,0.026595744680851064,0.013297872340425532,0.010638297872340425,0.013297872340425532,0.015957446808510637,0.015957446808510637,0.0026595744680851063,0.005319148936170213,0.0,0.0026595744680851063,0.005319148936170213,0.0,0.005319148936170213
201804,0.3237250554323725,0.2017738359201774,0.1130820399113082,0.04212860310421286,0.03325942350332594,0.026607538802660754,0.026607538802660754,0.031042128603104215,0.037694013303769404,0.028824833702882482,0.03325942350332594,0.0022172949002217295,0.019955654101995565,0.017738359201773836,0.015521064301552107,0.008869179600886918,0.013303769401330377,0.0022172949002217295,0.008869179600886918,0.0022172949002217295,0.0066518847006651885,0.0,0.0,0.0022172949002217295,0.0022172949002217295
201805,0.2964509394572025,0.2254697286012526,0.12317327766179541,0.04801670146137787,0.04592901878914405,0.06471816283924843,0.020876826722338204,0.020876826722338204,0.03549060542797495,0.018789144050104383,0.022964509394572025,0.0,0.018789144050104383,0.012526096033402923,0.012526096033402923,0.0020876826722338203,0.0,0.006263048016701462,0.012526096033402923,0.006263048016701462,0.0,0.0,0.0,0.0020876826722338203,0.0041753653444676405
201806,0.2485207100591716,0.3224852071005917,0.1301775147928994,0.05029585798816568,0.03254437869822485,0.020710059171597635,0.008875739644970414,0.023668639053254437,0.03550295857988166,0.026627218934911243,0.026627218934911243,0.0,0.029585798816568046,0.011834319526627219,0.008875739644970414,0.011834319526627219,0.0,0.0,0.005917159763313609,0.0,0.0,0.0029585798816568047,0.0029585798816568047,0.0,0.0
201807,0.25783132530120484,0.27951807228915665,0.10120481927710843,0.05301204819277108,0.05542168674698795,0.03855421686746988,0.01927710843373494,0.024096385542168676,0.033734939759036145,0.007228915662650603,0.03132530120481928,0.0,0.024096385542168676,0.01927710843373494,0.00963855421686747,0.012048192771084338,0.0024096385542168677,0.004819277108433735,0.004819277108433735,0.0,0.004819277108433735,0.004819277108433735,0.007228915662650603,0.0024096385542168677,0.0024096385542168677
201808,0.2826552462526767,0.23126338329764454,0.10492505353319058,0.05139186295503212,0.055674518201284794,0.047109207708779445,0.021413276231263382,0.042826552462526764,0.03854389721627409,0.014989293361884369,0.019271948608137045,0.0021413276231263384,0.019271948608137045,0.004282655246252677,0.004282655246252677,0.006423982869379015,0.004282655246252677,0.017130620985010708,0.0021413276231263384,0.004282655246252677,0.0021413276231263384,0.004282655246252677,0.008565310492505354,0.006423982869379015,0.004282655246252677
201809,0.2697495183044316,0.21772639691714837,0.11753371868978806,0.025048169556840076,0.04431599229287091,0.02697495183044316,0.038535645472061654,0.04046242774566474,0.05973025048169557,0.02119460500963391,0.028901734104046242,0.0,0.01348747591522158,0.019267822736030827,0.019267822736030827,0.015414258188824663,0.0019267822736030828,0.0038535645472061657,0.009633911368015413,0.0019267822736030828,0.009633911368015413,0.0019267822736030828,0.0019267822736030828,0.005780346820809248,0.005780346820809248
201810,0.3125,0.21507352941176472,0.10661764705882353,0.03860294117647059,0.042279411764705885,0.04411764705882353,0.042279411764705885,0.03125,0.02389705882352941,0.01838235294117647,0.02022058823529412,0.001838235294117647,0.01838235294117647,0.022058823529411766,0.009191176470588236,0.011029411764705883,0.009191176470588236,0.0055147058823529415,0.009191176470588236,0.001838235294117647,0.001838235294117647,0.0055147058823529415,0.003676470588235294,0.0,0.0055147058823529415
201811,0.26103646833013433,0.2437619961612284,0.11900191938579655,0.036468330134357005,0.05182341650671785,0.03838771593090211,0.03262955854126679,0.03262955854126679,0.030710172744721688,0.0345489443378119,0.019193857965451054,0.0,0.01727447216890595,0.011516314779270634,0.011516314779270634,0.007677543186180422,0.01727447216890595,0.005758157389635317,0.009596928982725527,0.0,0.007677543186180422,0.0019193857965451055,0.003838771593090211,0.003838771593090211,0.0019193857965451055
201812,0.26490066225165565,0.22682119205298013,0.12748344370860928,0.04470198675496689,0.016556291390728478,0.04304635761589404,0.033112582781456956,0.016556291390728478,0.0380794701986755,0.024834437086092714,0.0347682119205298,0.0033112582781456954,0.006622516556291391,0.009933774834437087,0.014900662251655629,0.016556291390728478,0.014900662251655629,0.008278145695364239,0.006622516556291391,0.0,0.006622516556291391,0.006622516556291391,0.009933774834437087,0.0,0.024834437086092714
201901,0.26763110307414106,0.244122965641953,0.11573236889692586,0.0379746835443038,0.0216998191681736,0.0433996383363472,0.03616636528028933,0.0379746835443038,0.034358047016274866,0.019891500904159132,0.039783001808318265,0.0018083182640144665,0.0054249547920434,0.018083182640144666,0.007233273056057866,0.012658227848101266,0.018083182640144666,0.009041591320072333,0.007233273056057866,0.0054249547920434,0.009041591320072333,0.0,0.003616636528028933,0.003616636528028933,0.0
201902,0.24705882352941178,0.21568627450980393,0.12156862745098039,0.043137254901960784,0.03137254901960784,0.049019607843137254,0.047058823529411764,0.045098039215686274,0.0392156862745098,0.0196078431372549,0.021568627450980392,0.0,0.0196078431372549,0.013725490196078431,0.021568627450980392,0.00980392156862745,0.01764705882352941,0.0058823529411764705,0.00392156862745098,0.00784313725490196,0.0058823529411764705,0.00392156862745098,0.00784313725490196,0.00196078431372549,0.0
201903,0.25569620253164554,0.22278481012658227,0.09873417721518987,0.10632911392405063,0.020253164556962026,0.05822784810126582,0.02531645569620253,0.035443037974683546,0.027848101265822784,0.04810126582278481,0.010126582278481013,0.0,0.04050632911392405,0.005063291139240506,0.005063291139240506,0.005063291139240506,0.0,0.002531645569620253,0.005063291139240506,0.007594936708860759,0.005063291139240506,0.002531645569620253,0.005063291139240506,0.0,0.007594936708860759
201904,0.2175226586102719,0.1933534743202417,0.11178247734138973,0.16314199395770393,0.03323262839879154,0.08157099697885196,0.015105740181268883,0.01812688821752266,0.04833836858006042,0.01812688821752266,0.015105740181268883,0.0,0.030211480362537766,0.006042296072507553,0.00906344410876133,0.006042296072507553,0.0030211480362537764,0.00906344410876133,0.0030211480362537764,0.00906344410876133,0.0030211480362537764,0.0,0.0,0.006042296072507553,0.0
201905,0.26277372262773724,0.2116788321167883,0.09975669099756691,0.08029197080291971,0.043795620437956206,0.05596107055961071,0.0267639902676399,0.04866180048661801,0.031630170316301706,0.012165450121654502,0.029197080291970802,0.0,0.019464720194647202,0.004866180048661801,0.0024330900243309003,0.0072992700729927005,0.0024330900243309003,0.0170316301703163,0.0024330900243309003,0.0170316301703163,0.012165450121654502,0.0024330900243309003,0.0024330900243309003,0.004866180048661801,0.0024330900243309003
201906,0.2553191489361702,0.195357833655706,0.09477756286266925,0.09864603481624758,0.025145067698259187,0.0735009671179884,0.027079303675048357,0.02127659574468085,0.027079303675048357,0.0367504835589942,0.015473887814313346,0.0,0.027079303675048357,0.019342359767891684,0.0038684719535783366,0.013539651837524178,0.0019342359767891683,0.005802707930367505,0.013539651837524178,0.02127659574468085,0.007736943907156673,0.0,0.007736943907156673,0.007736943907156673,0.0
201907,0.26825396825396824,0.1761904761904762,0.13333333333333333,0.08095238095238096,0.0380952380952381,0.04285714285714286,0.04126984126984127,0.026984126984126985,0.03015873015873016,0.031746031746031744,0.01746031746031746,0.0031746031746031746,0.020634920634920634,0.012698412698412698,0.0031746031746031746,0.006349206349206349,0.0,0.009523809523809525,0.020634920634920634,0.009523809523809525,0.011111111111111112,0.006349206349206349,0.0,0.007936507936507936,0.0015873015873015873
201908,0.30844155844155846,0.17207792207792208,0.09415584415584416,0.09090909090909091,0.045454545454545456,0.037337662337662336,0.03409090909090909,0.03896103896103896,0.03571428571428571,0.01948051948051948,0.024350649350649352,0.0016233766233766235,0.012987012987012988,0.017857142857142856,0.006493506493506494,0.016233766233766232,0.0016233766233766235,0.008116883116883116,0.006493506493506494,0.003246753246753247,0.011363636363636364,0.003246753246753247,0.00487012987012987,0.003246753246753247,0.0016233766233766235
201909,0.2867540029112082,0.13537117903930132,0.09024745269286755,0.07278020378457059,0.040756914119359534,0.048034934497816595,0.05967976710334789,0.033478893740902474,0.021834061135371178,0.08296943231441048,0.018922852983988356,0.001455604075691412,0.01455604075691412,0.020378457059679767,0.017467248908296942,0.010189228529839884,0.0,0.002911208151382824,0.010189228529839884,0.008733624454148471,0.011644832605531296,0.001455604075691412,0.002911208151382824,0.005822416302765648,0.001455604075691412
201910,0.27153284671532846,0.1562043795620438,0.11970802919708029,0.09635036496350365,0.035036496350364967,0.03795620437956204,0.040875912408759124,0.049635036496350364,0.032116788321167884,0.03795620437956204,0.029197080291970802,0.0,0.010218978102189781,0.01167883211678832,0.01167883211678832,0.013138686131386862,0.00583941605839416,0.00583941605839416,0.004379562043795621,0.004379562043795621,0.008759124087591242,0.00291970802919708,0.00291970802919708,0.00583941605839416,0.00583941605839416
201911,0.2694063926940639,0.1735159817351598,0.1004566210045662,0.0821917808219178,0.0471841704718417,0.0410958904109589,0.0334855403348554,0.0426179604261796,0.0197869101978691,0.0365296803652968,0.0365296803652968,0.0,0.0076103500761035,0.0167427701674277,0.0091324200913242,0.0121765601217656,0.015220700152207,0.0136986301369863,0.0015220700152207,0.0045662100456621,0.0106544901065449,0.0076103500761035,0.0060882800608828,0.0015220700152207,0.0106544901065449
201912,0.24193548387096775,0.20046082949308755,0.09907834101382489,0.1313364055299539,0.055299539170506916,0.020737327188940093,0.03456221198156682,0.055299539170506916,0.03225806451612903,0.03225806451612903,0.03225806451612903,0.0,0.004608294930875576,0.0069124423963133645,0.01152073732718894,0.004608294930875576,0.0069124423963133645,0.002304147465437788,0.004608294930875576,0.004608294930875576,0.004608294930875576,0.004608294930875576,0.004608294930875576,0.004608294930875576,0.0
202001,0.2531328320802005,0.12280701754385964,0.09523809523809523,0.15789473684210525,0.040100250626566414,0.05513784461152882,0.03258145363408521,0.042606516290726815,0.02756892230576441,0.02756892230576441,0.02506265664160401,0.0,0.022556390977443608,0.022556390977443608,0.012531328320802004,0.010025062656641603,0.020050125313283207,0.002506265664160401,0.010025062656641603,0.005012531328320802,0.002506265664160401,0.002506265664160401,0.005012531328320802,0.005012531328320802,0.0
202002,0.22945205479452055,0.19863013698630136,0.14383561643835616,0.0684931506849315,0.03767123287671233,0.06164383561643835,0.0136986301369863,0.03767123287671233,0.03767123287671233,0.0273972602739726,0.003424657534246575,0.0,0.04452054794520548,0.00684931506849315,0.003424657534246575,0.010273972602739725,0.010273972602739725,0.00684931506849315,0.0136986301369863,0.0273972602739726,0.0,0.00684931506849315,0.00684931506849315,0.003424657534246575,0.0
202003,0.20915032679738563,0.19281045751633988,0.09803921568627451,0.08823529411764706,0.026143790849673203,0.05228758169934641,0.1503267973856209,0.029411764705882353,0.032679738562091505,0.006535947712418301,0.013071895424836602,0.026143790849673203,0.0196078431372549,0.013071895424836602,0.006535947712418301,0.006535947712418301,0.0032679738562091504,0.006535947712418301,0.0,0.00980392156862745,0.006535947712418301,0.0,0.0032679738562091504,0.0,0.0
202004,0.29098360655737704,0.11475409836065574,0.06557377049180328,0.040983606557377046,0.06147540983606557,0.03278688524590164,0.1680327868852459,0.028688524590163935,0.004098360655737705,0.04918032786885246,0.004098360655737705,0.05327868852459016,0.00819672131147541,0.00819672131147541,0.00819672131147541,0.01639344262295082,0.00819672131147541,0.012295081967213115,0.00819672131147541,0.0,0.004098360655737705,0.004098360655737705,0.004098360655737705,0.0,0.004098360655737705
202005,0.3047945205479452,0.1815068493150685,0.11301369863013698,0.0410958904109589,0.05821917808219178,0.030821917808219176,0.04452054794520548,0.0410958904109589,0.017123287671232876,0.03424657534246575,0.00684931506849315,0.0410958904109589,0.0136986301369863,0.010273972602739725,0.017123287671232876,0.010273972602739725,0.0,0.00684931506849315,0.003424657534246575,0.0136986301369863,0.003424657534246575,0.003424657534246575,0.0,0.003424657534246575,0.0
202006,0.27710843373493976,0.1855421686746988,0.14216867469879518,0.04819277108433735,0.03855421686746988,0.03132530120481928,0.03855421686746988,0.02891566265060241,0.016867469879518072,0.04819277108433735,0.016867469879518072,0.02891566265060241,0.024096385542168676,0.0024096385542168677,0.02650602409638554,0.00963855421686747,0.0024096385542168677,0.004819277108433735,0.012048192771084338,0.004819277108433735,0.00963855421686747,0.0024096385542168677,0.0,0.0,0.0
202007,0.2820097244732577,0.16369529983792544,0.08914100486223663,0.022690437601296597,0.05348460291734198,0.027552674230145867,0.07617504051863858,0.03079416531604538,0.019448946515397084,0.04376012965964344,0.029173419773095625,0.07617504051863858,0.014586709886547812,0.022690437601296597,0.014586709886547812,0.006482982171799027,0.0,0.0032414910858995136,0.0016207455429497568,0.0032414910858995136,0.008103727714748784,0.0032414910858995136,0.006482982171799027,0.0016207455429497568,0.0
202008,0.2962264150943396,0.17358490566037735,0.08113207547169811,0.04339622641509434,0.03207547169811321,0.016981132075471698,0.062264150943396226,0.02830188679245283,0.011320754716981131,0.016981132075471698,0.018867924528301886,0.1471698113207547,0.016981132075471698,0.009433962264150943,0.009433962264150943,0.009433962264150943,0.0,0.0037735849056603774,0.0018867924528301887,0.0018867924528301887,0.0037735849056603774,0.009433962264150943,0.005660377358490566,0.0,0.0
202009,0.3188405797101449,0.17805383022774326,0.06418219461697723,0.043478260869565216,0.045548654244306416,0.016563146997929608,0.057971014492753624,0.012422360248447204,0.012422360248447204,0.035196687370600416,0.012422360248447204,0.11594202898550725,0.014492753623188406,0.018633540372670808,0.012422360248447204,0.006211180124223602,0.002070393374741201,0.012422360248447204,0.006211180124223602,0.002070393374741201,0.004140786749482402,0.002070393374741201,0.006211180124223602,0.0,0.0
202010,0.24835164835164836,0.1978021978021978,0.11648351648351649,0.026373626373626374,0.03956043956043956,0.026373626373626374,0.08351648351648351,0.02197802197802198,0.017582417582417582,0.03076923076923077,0.017582417582417582,0.09230769230769231,0.015384615384615385,0.01978021978021978,0.01098901098901099,0.006593406593406593,0.006593406593406593,0.0,0.004395604395604396,0.004395604395604396,0.002197802197802198,0.004395604395604396,0.0,0.004395604395604396,0.002197802197802198
202011,0.2751677852348993,0.1767337807606264,0.07158836689038031,0.035794183445190156,0.042505592841163314,0.03355704697986577,0.10961968680089486,0.013422818791946308,0.02237136465324385,0.026845637583892617,0.008948545861297539,0.10738255033557047,0.015659955257270694,0.013422818791946308,0.013422818791946308,0.0022371364653243847,0.008948545861297539,0.0,0.0022371364653243847,0.008948545861297539,0.0044742729306487695,0.0022371364653243847,0.0,0.0022371364653243847,0.0022371364653243847
202012,0.2725450901803607,0.1903807615230461,0.09018036072144289,0.03807615230460922,0.036072144288577156,0.052104208416833664,0.07615230460921844,0.022044088176352707,0.01603206412825651,0.014028056112224449,0.02004008016032064,0.07615230460921844,0.012024048096192385,0.012024048096192385,0.01002004008016032,0.01002004008016032,0.01603206412825651,0.014028056112224449,0.004008016032064128,0.002004008016032064,0.004008016032064128,0.006012024048096192,0.002004008016032064,0.002004008016032064,0.002004008016032064
202101,0.28874734607218683,0.19745222929936307,0.09129511677282377,0.036093418259023353,0.029723991507430998,0.03821656050955414,0.06157112526539278,0.025477707006369428,0.016985138004246284,0.021231422505307854,0.014861995753715499,0.09341825902335456,0.008492569002123142,0.010615711252653927,0.014861995753715499,0.006369426751592357,0.004246284501061571,0.006369426751592357,0.006369426751592357,0.006369426751592357,0.010615711252653927,0.004246284501061571,0.0021231422505307855,0.0021231422505307855,0.0021231422505307855
202102,0.27388535031847133,0.20382165605095542,0.10828025477707007,0.05732484076433121,0.01910828025477707,0.054140127388535034,0.03503184713375796,0.041401273885350316,0.028662420382165606,0.022292993630573247,0.012738853503184714,0.03184713375796178,0.025477707006369428,0.012738853503184714,0.006369426751592357,0.01910828025477707,0.022292993630573247,0.009554140127388535,0.0,0.009554140127388535,0.0,0.006369426751592357,0.0,0.0,0.0
202103,0.23846153846153847,0.24871794871794872,0.08974358974358974,0.05384615384615385,0.05128205128205128,0.06153846153846154,0.02564102564102564,0.04871794871794872,0.035897435897435895,0.015384615384615385,0.015384615384615385,0.02564102564102564,0.020512820512820513,0.01282051282051282,0.015384615384615385,0.010256410256410256,0.002564102564102564,0.007692307692307693,0.002564102564102564,0.007692307692307693,0.002564102564102564,0.005128205128205128,0.002564102564102564,0.0,0.0
202104,0.2682926829268293,0.23577235772357724,0.17073170731707318,0.03523035230352303,0.051490514905149054,0.03523035230352303,0.018970189701897018,0.02981029810298103,0.013550135501355014,0.032520325203252036,0.013550135501355014,0.013550135501355014,0.018970189701897018,0.013550135501355014,0.016260162601626018,0.0027100271002710027,0.005420054200542005,0.01084010840108401,0.0027100271002710027,0.01084010840108401,0.0,0.0,0.0,0.0,0.0
202105,0.3240506329113924,0.17468354430379746,0.14177215189873418,0.05063291139240506,0.05063291139240506,0.0379746835443038,0.015189873417721518,0.027848101265822784,0.020253164556962026,0.020253164556962026,0.030379746835443037,0.007594936708860759,0.04556962025316456,0.007594936708860759,0.012658227848101266,0.010126582278481013,0.0,0.007594936708860759,0.0,0.002531645569620253,0.002531645569620253,0.005063291139240506,0.0,0.005063291139240506,0.0
202106,0.2579787234042553,0.19946808510638298,0.14627659574468085,0.05319148936170213,0.0851063829787234,0.0425531914893617,0.013297872340425532,0.03723404255319149,0.02127659574468085,0.007978723404255319,0.018617021276595744,0.0,0.05319148936170213,0.010638297872340425,0.013297872340425532,0.005319148936170213,0.0026595744680851063,0.0026595744680851063,0.007978723404255319,0.010638297872340425,0.0,0.005319148936170213,0.005319148936170213,0.0,0.0
202107,0.2599009900990099,0.21534653465346534,0.10891089108910891,0.054455445544554455,0.06188118811881188,0.05198019801980198,0.01485148514851485,0.04455445544554455,0.0297029702970297,0.022277227722772276,0.01485148514851485,0.0049504950495049506,0.027227722772277228,0.007425742574257425,0.012376237623762377,0.007425742574257425,0.0,0.017326732673267328,0.0049504950495049506,0.024752475247524754,0.0049504950495049506,0.0,0.0024752475247524753,0.007425742574257425,0.0
202108,0.2680965147453083,0.1581769436997319,0.11796246648793565,0.07506702412868632,0.06702412868632708,0.040214477211796246,0.029490616621983913,0.058981233243967826,0.032171581769437,0.029490616621983913,0.032171581769437,0.0,0.024128686327077747,0.010723860589812333,0.00804289544235925,0.0160857908847185,0.0,0.005361930294906166,0.00804289544235925,0.00804289544235925,0.0,0.005361930294906166,0.002680965147453083,0.0,0.002680965147453083
202109,0.2569832402234637,0.18435754189944134,0.1340782122905028,0.061452513966480445,0.03910614525139665,0.03910614525139665,0.025139664804469275,0.027932960893854747,0.0335195530726257,0.0335195530726257,0.0223463687150838,0.002793296089385475,0.05307262569832402,0.0111731843575419,0.01675977653631285,0.0223463687150838,0.0,0.008379888268156424,0.00558659217877095,0.008379888268156424,0.0,0.008379888268156424,0.002793296089385475,0.002793296089385475,0.0
202110,0.266839378238342,0.20466321243523317,0.09326424870466321,0.10621761658031088,0.04922279792746114,0.03367875647668394,0.031088082901554404,0.02849740932642487,0.023316062176165803,0.02072538860103627,0.018134715025906734,0.0025906735751295338,0.038860103626943004,0.015544041450777202,0.025906735751295335,0.007772020725388601,0.0,0.0025906735751295338,0.0,0.0051813471502590676,0.007772020725388601,0.010362694300518135,0.0,0.007772020725388601,0.0
202111,0.208,0.18933333333333333,0.13333333333333333,0.13066666666666665,0.048,0.056,0.005333333333333333,0.048,0.021333333333333333,0.024,0.016,0.0,0.021333333333333333,0.013333333333333334,0.032,0.0026666666666666666,0.005333333333333333,0.008,0.016,0.005333333333333333,0.005333333333333333,0.0026666666666666666,0.0,0.005333333333333333,0.0026666666666666666
202112,0.26944444444444443,0.17222222222222222,0.1111111111111111,0.09166666666666666,0.058333333333333334,0.05555555555555555,0.005555555555555556,0.03888888888888889,0.03888888888888889,0.019444444444444445,0.027777777777777776,0.0,0.03333333333333333,0.016666666666666666,0.013888888888888888,0.013888888888888888,0.002777777777777778,0.008333333333333333,0.005555555555555556,0.008333333333333333,0.002777777777777778,0.0,0.0,0.002777777777777778,0.002777777777777778
