Topic,Count,top_words
-1,5871,
0,4305,"approach, aircraft, feet, altitude, traffic, 000, runway, atc"
1,2376,"runway, taxiway, aircraft, taxi, ground, ramp, left, right"
2,1358,"smell, smoke, odor, flight, cabin, fumes, attendant, flight attendant"
3,913,"engine, oil, power, landing, runway, takeoff, checklist, thrust"
4,874,"hazmat, cargo, dangerous, load, bags, battery, loaded, ramp"
5,873,"door, flight, passenger, attendant, flight attendant, seat, crew, passengers"
6,738,"cabin, qrh, bleed, 000, cabin altitude, pressure, altitude, hydraulic"
7,615,"turbulence, wake, weather, encountered, severe, atc, aircraft, flight"
8,600,"maintenance, mel, aircraft, flight, mechanic, maintenance control, control, work"
9,487,"fuel, tank, lbs, flight, tanks, engine, leak, dispatch"
10,440,"mask, passenger, wearing, wear, face, policy, masks, flight"
11,431,"object, feet, uas, ft, reported, area, approximately, flight"
12,298,"flaps, flap, landing, speed, checklist, approach, qrh, 30"
13,256,"frequency, radio, tower, alternator, contact, aircraft, flight, atc"
14,222,"gear, landing gear, landing, nose, nose gear, light, green, checklist"
15,153,"ice, icing, anti, anti ice, conditions, icing conditions, deice, deicing"
16,150,"trim, pitch, stab, pitch trim, stabilizer, nose, control, qrh"
17,138,"apu, generator, engine, start, maintenance, power, bus, ground"
18,137,"gps, jamming, navigation, signal, ads, atc, nav, eicas"
19,121,"day, hours, scheduling, duty, sleep, time, fatigue, flight"
20,79,"lights, lighting, night, bright, runway, runway lights, airport, light"
21,74,"bird, bird strike, strike, engine, damage, takeoff, aircraft, vibration"
22,63,"tire, tires, gear, wheel, assembly, landing, landing gear, nose"
23,61,"ipad, efb, flight, company, content, b767, mount, tablet"
