label,mean_share,tracking_corr,bias,true_change,pred_change,pred_change_points,true_change_points
Deviation / Discrepancy - Procedural Published Material / Policy,0.5772182001272652,0.5927709381938095,-0.01703722722732084,0.11767472354494724,0.01660258201505249,"['2020-07', '2020-12']",['2019-09']
Aircraft Equipment Problem Less Severe,0.2026316825495151,0.6422945203344262,0.0038685973331157816,-0.09434613049007046,-0.03034374889912439,['2020-02'],['2020-02']
Deviation / Discrepancy - Procedural Clearance,0.19906396316929276,0.20608516960694462,-0.007658400963089816,0.07189776846590315,-0.035605510970828314,['2019-04'],['2020-12']
ATC Issue All Types,0.18550012130913227,0.8925289627249423,0.0052951120011709265,-0.04390688496123579,-0.056150332362007394,['2019-04'],['2019-04']
Aircraft Equipment Problem Critical,0.16151595904362084,0.8752207692558354,-0.00030439568168824763,0.1547099148158037,0.06404604741007686,['2021-05'],['2021-05']
Deviation / Discrepancy - Procedural FAR,0.10450616051269439,0.4164077244747351,-0.04222356667901444,0.10822280628461457,0.021682421560276978,['2019-09'],['2021-05']
Inflight Event / Encounter Weather / Turbulence,0.08807836702160621,0.8463194933173889,-0.016761702739779925,-0.030612929537451622,-0.03180429096322879,['2019-04'],['2019-04']
Conflict NMAC,0.08010632720097248,0.9489786979224359,0.0072327400762039465,0.05221471760962401,0.03502028054085399,['2021-05'],['2021-05']
Inflight Event / Encounter CFTT / CFIT,0.0768605025773439,0.9308677865104131,-0.004532873725381748,0.015197350477314617,0.00723662654863709,"['2019-09', '2020-12']","['2019-09', '2020-12']"
Deviation - Track / Heading All Types,0.0715088150585983,0.7612763201848496,-0.013085312585262097,-0.010506446289199181,-0.028329203274544294,['2019-09'],[]
Flight Deck / Cabin / Aircraft Event Smoke / Fire / Fumes / Odor,0.060376950879176966,0.9919787268624417,-0.00462509989145692,0.026130791801661515,0.0253129055112601,"['2019-04', '2020-02']","['2019-04', '2020-02']"
Conflict Ground Conflict,0.052431363343857645,0.862973811834197,-0.0028912221798187317,0.015341874202368815,0.010501830540524344,[],['2020-12']
Deviation - Altitude Excursion From Assigned Altitude,0.05104836195429082,0.5043447331645723,-0.013316144497374333,0.022788365508794442,0.002516188074021493,[],['2021-05']
Conflict Airborne Conflict,0.05102963944962042,0.691154636828557,-0.005179738546526028,-0.021237451554653265,-0.01307687365251381,['2019-04'],['2019-04']
Deviation / Discrepancy - Procedural Maintenance,0.049523175063675595,0.5954425850083245,-0.00522013182398364,0.04465076490000512,0.004018279906613832,[],['2019-09']
Deviation / Discrepancy - Procedural Hazardous Material Violation,0.041515219743967643,0.9701105403067705,-0.0032894781046952965,0.01899626360611481,0.014019984523716198,[],['2018-06']
Ground Event / Encounter Loss Of Aircraft Control,0.04131783054183072,0.8347822242566059,-0.0036229402098765396,0.018790902413309475,0.01017291589552214,[],['2020-12']
Ground Event / Encounter Other / Unknown,0.04088935440055756,0.6157999116123375,-0.02106359340384692,-0.01933173379816656,-0.00824079139352912,['2020-02'],['2020-02']
Critical,0.036795900914372556,0.8543281216893716,-0.004286035899601641,0.02269582905544952,0.013680604725432654,['2020-12'],['2020-12']
Airspace Violation All Types,0.03627583650807525,0.7016260244388068,-0.010599110506482956,0.015099440336458061,0.007090478919710479,['2020-02'],['2021-05']
Deviation - Speed All Types,0.03342592209353192,0.8405103705637922,-0.007306934997498719,-0.011916167364893811,-0.01435801709470155,['2021-05'],['2018-06']
Inflight Event / Encounter Unstabilized Approach,0.032820178152552094,0.6540363390806275,-0.005505468588771073,-0.008932411651960813,-0.00027084956884975905,[],[]
Flight Deck / Cabin / Aircraft Event Illness / Injury,0.031380800374683764,0.8205838573156892,-0.008620898371576473,-0.006758769870863726,-0.0050036342246381725,"['2019-04', '2020-02']",['2020-07']
Deviation - Altitude Overshoot,0.028466541015285767,0.59028282597832,-0.007674013046735748,0.004485067142838004,-0.002416563015249045,[],['2020-07']
Inflight Event / Encounter Fuel Issue,0.02614854708651522,0.7357369774136066,-0.003064779054413434,-0.008258837466373577,-0.0048752582084414554,"['2020-02', '2020-07']",['2020-02']
Flight Deck / Cabin / Aircraft Event Other / Unknown,0.02562454262330585,0.3945772505013718,-0.02157064684778731,-0.014969364959735172,-0.0016034542518810115,[],['2019-04']
Ground Excursion Runway,0.025187733310781103,0.9005986212003274,-0.0009392522294936058,0.005155567179243096,0.00825668784530961,[],[]
Inflight Event / Encounter Wake Vortex Encounter,0.02426696018782458,0.9818469423550379,-0.0012192047252662605,-0.0061592528320575865,-0.005839470259014795,['2019-09'],['2019-09']
Ground Incursion Runway,0.023701056231937866,0.6575447668296782,-0.004951516854519434,-0.0034032195632793145,0.0004490141490353129,[],[]
Inflight Event / Encounter Loss Of Aircraft Control,0.023113544275247644,0.31436710320194106,-0.010033027692485335,0.016940852024887997,-0.00044731967579227094,[],['2020-12']
Deviation / Discrepancy - Procedural Weight And Balance,0.023097282566694886,0.5195088110570681,-0.00766887494491017,0.004714356782756592,-0.001339297187607981,[],[]
Deviation / Discrepancy - Procedural MEL / CDL,0.021768934053604843,0.7348064754459644,-0.005334060521382906,0.009597161519284638,-0.0014097864600319965,[],"['2019-09', '2020-02']"
Deviation - Altitude Crossing Restriction Not Met,0.01791417508561825,0.6508673318447447,-0.005014340660639636,-0.003919268381080556,-0.003622146292229924,[],"['2019-04', '2020-07']"
Ground Event / Encounter Ground Strike - Aircraft,0.0178264839485868,0.7778770250356325,-0.006308019233446691,0.001836055098518221,0.003997887138075657,[],[]
Flight Deck / Cabin / Aircraft Event Passenger Misconduct,0.017637490538835204,0.9773917857927328,-0.0017668270839730448,0.005942811933624391,0.005457559868037389,"['2020-07', '2020-12']","['2020-07', '2020-12']"
Ground Incursion Taxiway,0.017025402655098425,0.7834929024357058,-0.0025973643179080254,0.004087294588013074,0.006137693740849213,['2020-02'],[]
Less Severe,0.01572152235998145,0.11881133171564877,-0.011616009366034524,-0.007285653320940739,0.00066905135496759,[],['2019-04']
Inflight Event / Encounter Other / Unknown,0.013044208939078114,0.2603657306596495,-0.011119774690078897,-0.0018607976547658292,0.0013637359500430213,[],[]
Ground Event / Encounter Object,0.011698126386528937,0.42901171675492994,-0.009177030552002408,-0.005300576694840218,-0.0011431645714644958,[],[]
Deviation / Discrepancy - Procedural Other / Unknown,0.008319324667472835,0.1411010676370122,-0.008199689057871768,-0.010548527960602487,-0.00035688793718772306,[],['2019-09']
Deviation - Altitude Undershoot,0.007914248603665469,0.6208141000681978,-0.006676404399594861,-0.0038087690447865773,-0.000990978853902486,[],['2019-04']
Deviation / Discrepancy - Procedural Security,0.005159426110438532,0.3992755056827703,-0.004826446338707158,-0.006037170898983953,-0.00012944402814204237,[],['2020-02']
Ground Excursion Taxiway,0.004848565639970744,0.592085393392666,-0.004224701138705534,-0.001851910354122052,0.00017395029410362164,[],[]
No Specific Anomaly Occurred All Types,0.004371250804365564,,-0.004371250804365564,-0.003050482807056675,0.0,[],['2020-12']
Ground Event / Encounter Vehicle,0.0041073423147851874,0.2977323733912917,-0.003959584779244507,0.003958141443273531,0.0002314814814814815,[],['2021-05']
Deviation / Discrepancy - Procedural Landing Without Clearance,0.004093048169925707,0.13012437535367546,-0.003920798043009471,-0.002415307571338006,-0.00034533976448540104,[],[]
Inflight Event / Encounter VFR In IMC,0.0038831797191501588,0.4987457112777311,-0.003294271603127443,-0.004108266603303204,-0.0014217995011109256,[],['2018-11']
Ground Event / Encounter Gear Up Landing,0.003676498821923871,0.5091658947840454,-0.0029634218238292907,-0.0023404843584112532,-0.0005445099755814506,[],[]
Ground Event / Encounter Aircraft,0.0035986862893312896,0.32601154426036305,-0.0030053221386757423,-0.0017754164591905668,-0.0012764770262517174,['2018-06'],[]
Inflight Event / Encounter Bird / Animal,0.0034844302152986692,0.4965708693052828,-0.002041373098228032,-0.0005311977642447579,-0.0016026561679157707,[],[]
Inflight Event / Encounter Object,0.0033250449198124823,,-0.0033250449198124823,-0.0011374041082443287,0.0,[],[]
Ground Event / Encounter Person / Animal / Bird,0.002493884948109872,,-0.002493884948109872,0.0006213639125599562,0.0,[],[]
Flight Deck / Cabin / Aircraft Event Passenger Electronic Device,0.0018889447229944723,-0.12166880680618355,-0.0018572349310107077,0.0004842983773701106,0.0,[],[]
