,reports,labels_per_report
201801,442,2.6063348416289593
201802,501,2.5788423153692617
201803,376,2.5372340425531914
201804,451,2.600886917960089
201805,479,2.653444676409186
201806,338,2.7485207100591715
201807,415,2.672289156626506
201808,467,2.5610278372591004
201809,519,2.658959537572254
201810,544,2.6268382352941178
201811,521,2.714011516314779
201812,604,2.620860927152318
201901,553,2.6292947558770345
201902,510,2.623529411764706
201903,395,2.589873417721519
201904,331,2.5468277945619335
201905,411,2.4817518248175183
201906,517,2.508704061895551
201907,630,2.4904761904761905
201908,616,2.4935064935064934
201909,687,2.593886462882096
201910,685,2.7240875912408757
201911,657,2.6316590563165905
201912,434,2.7350230414746544
202001,399,2.556390977443609
202002,292,2.636986301369863
202003,306,2.2777777777777777
202004,244,2.5
202005,292,2.578767123287671
202006,415,2.6240963855421686
202007,617,2.53322528363047
202008,530,2.490566037735849
202009,483,2.4554865424430643
202010,455,2.474725274725275
202011,447,2.4272930648769573
202012,499,2.68937875751503
202101,471,2.6369426751592355
202102,314,2.8535031847133756
202103,390,3.0615384615384613
202104,369,3.102981029810298
202105,395,3.159493670886076
202106,376,3.0851063829787235
202107,404,3.2202970297029703
202108,373,3.1420911528150133
202109,358,3.022346368715084
202110,386,2.9533678756476682
202111,375,3.2026666666666666
202112,360,3.25
