,ATC Issue All Types,Aircraft Equipment Problem Critical,Aircraft Equipment Problem Less Severe,Airspace Violation All Types,Conflict Airborne Conflict,Conflict Ground Conflict,Conflict NMAC,Critical,Deviation - Altitude Crossing Restriction Not Met,Deviation - Altitude Excursion From Assigned Altitude,Deviation - Altitude Overshoot,Deviation - Altitude Undershoot,Deviation - Speed All Types,Deviation - Track / Heading All Types,Deviation / Discrepancy - Procedural Clearance,Deviation / Discrepancy - Procedural FAR,Deviation / Discrepancy - Procedural Hazardous Material Violation,Deviation / Discrepancy - Procedural Landing Without Clearance,Deviation / Discrepancy - Procedural MEL / CDL,Deviation / Discrepancy - Procedural Maintenance,Deviation / Discrepancy - Procedural Other / Unknown,Deviation / Discrepancy - Procedural Published Material / Policy,Deviation / Discrepancy - Procedural Security,Deviation / Discrepancy - Procedural Weight And Balance,Flight Deck / Cabin / Aircraft Event Illness / Injury,Flight Deck / Cabin / Aircraft Event Other / Unknown,Flight Deck / Cabin / Aircraft Event Passenger Electronic Device,Flight Deck / Cabin / Aircraft Event Passenger Misconduct,Flight Deck / Cabin / Aircraft Event Smoke / Fire / Fumes / Odor,Ground Event / Encounter Aircraft,Ground Event / Encounter Gear Up Landing,Ground Event / Encounter Ground Strike - Aircraft,Ground Event / Encounter Loss Of Aircraft Control,Ground Event / Encounter Object,Ground Event / Encounter Other / Unknown,Ground Event / Encounter Person / Animal / Bird,Ground Event / Encounter Vehicle,Ground Excursion Runway,Ground Excursion Taxiway,Ground Incursion Runway,Ground Incursion Taxiway,Inflight Event / Encounter Bird / Animal,Inflight Event / Encounter CFTT / CFIT,Inflight Event / Encounter Fuel Issue,Inflight Event / Encounter Loss Of Aircraft Control,Inflight Event / Encounter Object,Inflight Event / Encounter Other / Unknown,Inflight Event / Encounter Unstabilized Approach,Inflight Event / Encounter VFR In IMC,Inflight Event / Encounter Wake Vortex Encounter,Inflight Event / Encounter Weather / Turbulence,Less Severe,No Specific Anomaly Occurred All Types
201901,0.23869801084990958,0.06148282097649186,0.2224231464737794,0.018083182640144666,0.0379746835443038,0.027124773960216998,0.034358047016274866,0.0108499095840868,0.0162748643761302,0.03074141048824593,0.014466546112115732,0.0,0.023508137432188065,0.05605786618444846,0.19349005424954793,0.0108499095840868,0.04159132007233273,0.0,0.0108499095840868,0.012658227848101266,0.0,0.5750452079566004,0.0,0.003616636528028933,0.014466546112115732,0.0018083182640144665,0.0,0.003616636528028933,0.027124773960216998,0.0,0.0,0.0054249547920434,0.028933092224231464,0.0018083182640144665,0.0162748643761302,0.0,0.0,0.019891500904159132,0.0,0.012658227848101266,0.0054249547920434,0.0,0.08499095840867993,0.039783001808318265,0.007233273056057866,0.0,0.0,0.04701627486437613,0.0,0.02531645569620253,0.07233273056057866,0.0018083182640144665,0.0
201902,0.22549019607843138,0.0803921568627451,0.27058823529411763,0.0058823529411764705,0.047058823529411764,0.045098039215686274,0.049019607843137254,0.023529411764705882,0.00784313725490196,0.023529411764705882,0.0058823529411764705,0.0,0.043137254901960784,0.060784313725490195,0.16666666666666666,0.013725490196078431,0.03137254901960784,0.0,0.00392156862745098,0.0196078431372549,0.0,0.5411764705882353,0.0,0.013725490196078431,0.00784313725490196,0.00392156862745098,0.0,0.0,0.03529411764705882,0.0,0.0,0.0058823529411764705,0.0196078431372549,0.0,0.01764705882352941,0.0,0.0,0.013725490196078431,0.0,0.01764705882352941,0.0058823529411764705,0.0,0.06470588235294118,0.01764705882352941,0.00392156862745098,0.0,0.0058823529411764705,0.03529411764705882,0.0,0.01568627450980392,0.10196078431372549,0.00392156862745098,0.0
201903,0.22025316455696203,0.04810126582278481,0.28607594936708863,0.027848101265822784,0.060759493670886074,0.04556962025316456,0.0810126582278481,0.012658227848101266,0.017721518987341773,0.012658227848101266,0.015189873417721518,0.0,0.027848101265822784,0.05063291139240506,0.14936708860759493,0.027848101265822784,0.05822784810126582,0.0,0.007594936708860759,0.02531645569620253,0.0,0.5240506329113924,0.0,0.007594936708860759,0.035443037974683546,0.002531645569620253,0.0,0.0,0.09620253164556962,0.002531645569620253,0.0,0.002531645569620253,0.04050632911392405,0.002531645569620253,0.005063291139240506,0.0,0.0,0.035443037974683546,0.0,0.017721518987341773,0.010126582278481013,0.0,0.05822784810126582,0.007594936708860759,0.007594936708860759,0.0,0.0,0.002531645569620253,0.0,0.030379746835443037,0.027848101265822784,0.002531645569620253,0.0
201904,0.13897280966767372,0.0755287009063444,0.2719033232628399,0.012084592145015106,0.015105740181268883,0.03927492447129909,0.08761329305135952,0.027190332326283987,0.012084592145015106,0.015105740181268883,0.006042296072507553,0.0,0.01812688821752266,0.045317220543806644,0.1027190332326284,0.006042296072507553,0.0755287009063444,0.0,0.0030211480362537764,0.03323262839879154,0.0,0.42900302114803623,0.0,0.006042296072507553,0.027190332326283987,0.0,0.0,0.0030211480362537764,0.1299093655589124,0.0,0.0,0.015105740181268883,0.0513595166163142,0.006042296072507553,0.012084592145015106,0.0,0.0,0.03927492447129909,0.0,0.015105740181268883,0.006042296072507553,0.0,0.0755287009063444,0.021148036253776436,0.006042296072507553,0.0,0.0,0.006042296072507553,0.0,0.06042296072507553,0.027190332326283987,0.0,0.0
201905,0.22141119221411193,0.09975669099756691,0.2822384428223844,0.004866180048661801,0.029197080291970802,0.0267639902676399,0.08759124087591241,0.012165450121654502,0.0072992700729927005,0.012165450121654502,0.004866180048661801,0.0,0.009732360097323601,0.05596107055961071,0.17274939172749393,0.014598540145985401,0.04866180048661801,0.0,0.004866180048661801,0.019464720194647202,0.0,0.5085158150851582,0.0,0.014598540145985401,0.029197080291970802,0.0,0.0,0.0,0.06569343065693431,0.0,0.004866180048661801,0.009732360097323601,0.029197080291970802,0.0,0.0072992700729927005,0.0,0.0,0.019464720194647202,0.0,0.012165450121654502,0.0,0.0,0.08759124087591241,0.021897810218978103,0.004866180048661801,0.0,0.0,0.0170316301703163,0.0,0.0413625304136253,0.051094890510948905,0.0024330900243309003,0.0
201906,0.20696324951644102,0.08123791102514506,0.2940038684719536,0.025145067698259187,0.0425531914893617,0.03288201160541586,0.08704061895551257,0.01160541586073501,0.005802707930367505,0.009671179883945842,0.007736943907156673,0.0019342359767891683,0.019342359767891684,0.07156673114119923,0.1470019342359768,0.029013539651837523,0.07543520309477757,0.0,0.009671179883945842,0.015473887814313346,0.0,0.5145067698259188,0.0,0.02127659574468085,0.025145067698259187,0.0019342359767891683,0.0,0.0,0.08897485493230174,0.0,0.0019342359767891683,0.01160541586073501,0.0367504835589942,0.0019342359767891683,0.009671179883945842,0.0,0.0,0.02321083172147002,0.0,0.015473887814313346,0.007736943907156673,0.0,0.058027079303675046,0.025145067698259187,0.005802707930367505,0.0,0.0,0.02127659574468085,0.0,0.02127659574468085,0.07543520309477757,0.0,0.0
201907,0.19206349206349208,0.05555555555555555,0.26666666666666666,0.01746031746031746,0.046031746031746035,0.05238095238095238,0.08253968253968254,0.01746031746031746,0.0015873015873015873,0.020634920634920634,0.007936507936507936,0.0,0.01746031746031746,0.03492063492063492,0.11428571428571428,0.020634920634920634,0.03492063492063492,0.0,0.012698412698412698,0.026984126984126985,0.0,0.5333333333333333,0.0015873015873015873,0.004761904761904762,0.026984126984126985,0.0015873015873015873,0.0,0.0015873015873015873,0.05873015873015873,0.0,0.0,0.007936507936507936,0.025396825396825397,0.0,0.01904761904761905,0.0,0.0,0.022222222222222223,0.0,0.01746031746031746,0.0031746031746031746,0.0,0.03650793650793651,0.015873015873015872,0.0031746031746031746,0.0,0.0,0.026984126984126985,0.0,0.025396825396825397,0.047619047619047616,0.0031746031746031746,0.0
201908,0.17857142857142858,0.09577922077922078,0.2727272727272727,0.003246753246753247,0.03571428571428571,0.037337662337662336,0.06168831168831169,0.012987012987012988,0.006493506493506494,0.01461038961038961,0.00974025974025974,0.0,0.00974025974025974,0.03896103896103896,0.137987012987013,0.01948051948051948,0.037337662337662336,0.0,0.011363636363636364,0.01948051948051948,0.0,0.5048701298701299,0.0,0.012987012987012988,0.021103896103896104,0.0016233766233766235,0.0,0.0,0.06818181818181818,0.0,0.0,0.00974025974025974,0.016233766233766232,0.0,0.01461038961038961,0.0,0.0,0.00974025974025974,0.0,0.012987012987012988,0.003246753246753247,0.0,0.060064935064935064,0.01461038961038961,0.003246753246753247,0.0,0.0016233766233766235,0.017857142857142856,0.003246753246753247,0.032467532467532464,0.048701298701298704,0.00487012987012987,0.0
201909,0.16011644832605532,0.053857350800582245,0.3289665211062591,0.011644832605531296,0.027656477438136828,0.039301310043668124,0.05967976710334789,0.017467248908296942,0.001455604075691412,0.008733624454148471,0.002911208151382824,0.0,0.013100436681222707,0.03784570596797671,0.10189228529839883,0.043668122270742356,0.039301310043668124,0.0,0.026200873362445413,0.06841339155749636,0.0,0.6157205240174672,0.0,0.00727802037845706,0.026200873362445413,0.002911208151382824,0.0,0.002911208151382824,0.0611353711790393,0.0,0.0,0.004366812227074236,0.01455604075691412,0.0,0.013100436681222707,0.0,0.0,0.010189228529839884,0.0,0.01601164483260553,0.004366812227074236,0.0,0.03056768558951965,0.018922852983988356,0.001455604075691412,0.0,0.0,0.023289665211062592,0.001455604075691412,0.01455604075691412,0.042212518195050945,0.001455604075691412,0.0
201910,0.17372262773722627,0.06715328467153285,0.33138686131386863,0.014598540145985401,0.040875912408759124,0.029197080291970802,0.042335766423357665,0.014598540145985401,0.00291970802919708,0.008759124087591242,0.0072992700729927005,0.0,0.030656934306569343,0.04671532846715328,0.1591240875912409,0.027737226277372264,0.026277372262773723,0.0,0.017518248175182483,0.029197080291970802,0.0,0.545985401459854,0.0,0.014598540145985401,0.03941605839416058,0.00291970802919708,0.0,0.00583941605839416,0.07883211678832117,0.0,0.0,0.0072992700729927005,0.01897810218978102,0.0,0.017518248175182483,0.0,0.0,0.017518248175182483,0.0,0.014598540145985401,0.01167883211678832,0.0,0.058394160583941604,0.020437956204379562,0.00145985401459854,0.0,0.0,0.029197080291970802,0.0,0.014598540145985401,0.072992700729927,0.00145985401459854,0.0
201911,0.1780821917808219,0.0745814307458143,0.3257229832572298,0.0121765601217656,0.0334855403348554,0.0395738203957382,0.0471841704718417,0.0197869101978691,0.0091324200913242,0.0197869101978691,0.0060882800608828,0.0,0.030441400304414,0.0563165905631659,0.136986301369863,0.0258751902587519,0.0289193302891933,0.0,0.0121765601217656,0.0258751902587519,0.0,0.5357686453576864,0.0015220700152207,0.0060882800608828,0.0273972602739726,0.0015220700152207,0.0,0.0030441400304414,0.060882800608828,0.0,0.0,0.0045662100456621,0.0091324200913242,0.0,0.0228310502283105,0.0,0.0,0.0045662100456621,0.0,0.0167427701674277,0.0045662100456621,0.0,0.0502283105022831,0.030441400304414,0.0015220700152207,0.0,0.0,0.0258751902587519,0.0,0.0136986301369863,0.0593607305936073,0.0045662100456621,0.0
201912,0.1912442396313364,0.08525345622119816,0.3317972350230415,0.002304147465437788,0.03456221198156682,0.04377880184331797,0.04608294930875576,0.02304147465437788,0.004608294930875576,0.03225806451612903,0.018433179723502304,0.0,0.029953917050691243,0.05069124423963134,0.16820276497695852,0.01152073732718894,0.013824884792626729,0.0,0.01152073732718894,0.027649769585253458,0.0,0.4377880184331797,0.0,0.009216589861751152,0.059907834101382486,0.0,0.0,0.0,0.10599078341013825,0.0,0.002304147465437788,0.0,0.020737327188940093,0.004608294930875576,0.018433179723502304,0.0,0.0,0.01152073732718894,0.0,0.016129032258064516,0.002304147465437788,0.0,0.055299539170506916,0.02534562211981567,0.009216589861751152,0.0,0.0,0.03686635944700461,0.0,0.027649769585253458,0.059907834101382486,0.004608294930875576,0.0
202001,0.11528822055137844,0.14536340852130325,0.2982456140350877,0.005012531328320802,0.03508771929824561,0.040100250626566414,0.03258145363408521,0.020050125313283207,0.015037593984962405,0.017543859649122806,0.010025062656641603,0.0,0.02506265664160401,0.03007518796992481,0.11528822055137844,0.017543859649122806,0.05012531328320802,0.0,0.010025062656641603,0.03007518796992481,0.0,0.49624060150375937,0.0,0.005012531328320802,0.05764411027568922,0.010025062656641603,0.0,0.0,0.14035087719298245,0.0,0.002506265664160401,0.005012531328320802,0.03759398496240601,0.0,0.022556390977443608,0.0,0.0,0.015037593984962405,0.0,0.007518796992481203,0.012531328320802004,0.0,0.05263157894736842,0.02506265664160401,0.012531328320802004,0.0,0.005012531328320802,0.022556390977443608,0.0,0.015037593984962405,0.07268170426065163,0.002506265664160401,0.0
202002,0.1506849315068493,0.1267123287671233,0.2465753424657534,0.0136986301369863,0.04452054794520548,0.07876712328767123,0.1267123287671233,0.05136986301369863,0.0136986301369863,0.017123287671232876,0.017123287671232876,0.0,0.02054794520547945,0.05136986301369863,0.136986301369863,0.0273972602739726,0.0547945205479452,0.0,0.017123287671232876,0.04452054794520548,0.0,0.4383561643835616,0.0,0.0136986301369863,0.0273972602739726,0.0,0.0,0.0,0.06164383561643835,0.0,0.0,0.00684931506849315,0.0410958904109589,0.0,0.017123287671232876,0.0,0.0,0.017123287671232876,0.0,0.0136986301369863,0.017123287671232876,0.00684931506849315,0.0684931506849315,0.010273972602739725,0.010273972602739725,0.0,0.003424657534246575,0.023972602739726026,0.003424657534246575,0.04452054794520548,0.08561643835616438,0.003424657534246575,0.0
202003,0.16013071895424835,0.08823529411764706,0.1568627450980392,0.013071895424836602,0.05228758169934641,0.03594771241830065,0.06209150326797386,0.026143790849673203,0.0032679738562091504,0.029411764705882353,0.00980392156862745,0.0,0.016339869281045753,0.0457516339869281,0.13398692810457516,0.02287581699346405,0.049019607843137254,0.0,0.0,0.013071895424836602,0.0,0.545751633986928,0.0,0.0196078431372549,0.029411764705882353,0.0,0.0,0.0,0.06862745098039216,0.0,0.0,0.006535947712418301,0.03594771241830065,0.0032679738562091504,0.02287581699346405,0.0,0.0,0.03594771241830065,0.0,0.013071895424836602,0.00980392156862745,0.0032679738562091504,0.06209150326797386,0.016339869281045753,0.013071895424836602,0.0,0.0032679738562091504,0.02287581699346405,0.0,0.032679738562091505,0.05555555555555555,0.00980392156862745,0.0
202004,0.0860655737704918,0.1557377049180328,0.23770491803278687,0.02459016393442623,0.01639344262295082,0.012295081967213115,0.06147540983606557,0.00819672131147541,0.0,0.02459016393442623,0.012295081967213115,0.0,0.00819672131147541,0.020491803278688523,0.0942622950819672,0.06147540983606557,0.028688524590163935,0.0,0.012295081967213115,0.036885245901639344,0.0,0.6475409836065574,0.0,0.00819672131147541,0.03278688524590164,0.0,0.0,0.0,0.045081967213114756,0.0,0.0,0.00819672131147541,0.020491803278688523,0.0,0.012295081967213115,0.0,0.0,0.012295081967213115,0.0,0.004098360655737705,0.004098360655737705,0.0,0.040983606557377046,0.0,0.004098360655737705,0.0,0.004098360655737705,0.012295081967213115,0.0,0.004098360655737705,0.036885245901639344,0.0,0.0
202005,0.15753424657534246,0.16095890410958905,0.23972602739726026,0.030821917808219176,0.05136986301369863,0.030821917808219176,0.0958904109589041,0.02054794520547945,0.00684931506849315,0.02054794520547945,0.00684931506849315,0.0,0.0136986301369863,0.02054794520547945,0.1267123287671233,0.05821917808219178,0.02054794520547945,0.0,0.00684931506849315,0.0273972602739726,0.0,0.5376712328767124,0.0,0.010273972602739725,0.02054794520547945,0.0,0.0,0.0136986301369863,0.0273972602739726,0.0,0.0,0.023972602739726026,0.04452054794520548,0.0,0.010273972602739725,0.0,0.0,0.02054794520547945,0.0,0.0136986301369863,0.010273972602739725,0.0,0.04452054794520548,0.00684931506849315,0.0136986301369863,0.0,0.0,0.00684931506849315,0.0,0.010273972602739725,0.04452054794520548,0.0,0.0
202006,0.163855421686747,0.13012048192771083,0.19036144578313252,0.02891566265060241,0.033734939759036145,0.04819277108433735,0.0891566265060241,0.03132530120481928,0.004819277108433735,0.01927710843373494,0.012048192771084338,0.0,0.016867469879518072,0.05542168674698795,0.15903614457831325,0.04819277108433735,0.02891566265060241,0.0,0.00963855421686747,0.04819277108433735,0.0,0.6240963855421687,0.0,0.007228915662650603,0.00963855421686747,0.004819277108433735,0.0,0.007228915662650603,0.03132530120481928,0.0,0.0,0.016867469879518072,0.0819277108433735,0.0,0.007228915662650603,0.0,0.0,0.06746987951807229,0.0,0.03132530120481928,0.014457831325301205,0.0,0.03132530120481928,0.016867469879518072,0.007228915662650603,0.0,0.0024096385542168677,0.024096385542168676,0.0,0.0024096385542168677,0.043373493975903614,0.004819277108433735,0.0
202007,0.1685575364667747,0.11831442463533225,0.20097244732576985,0.014586709886547812,0.04700162074554295,0.03565640194489465,0.07941653160453808,0.011345218800648298,0.012965964343598054,0.022690437601296597,0.014586709886547812,0.0,0.03727714748784441,0.03403565640194489,0.14424635332252836,0.03403565640194489,0.02106969205834684,0.0,0.017828200972447326,0.03889789303079417,0.0,0.6564019448946515,0.0,0.008103727714748784,0.012965964343598054,0.0016207455429497568,0.0,0.009724473257698542,0.017828200972447326,0.0016207455429497568,0.0,0.011345218800648298,0.019448946515397084,0.0016207455429497568,0.01620745542949757,0.0,0.0,0.014586709886547812,0.0,0.022690437601296597,0.014586709886547812,0.004862236628849271,0.029173419773095625,0.03241491085899514,0.008103727714748784,0.0,0.0016207455429497568,0.04213938411669368,0.0,0.006482982171799027,0.04538087520259319,0.0016207455429497568,0.0
202008,0.14528301886792452,0.09245283018867924,0.15849056603773584,0.02830188679245283,0.04905660377358491,0.035849056603773584,0.08679245283018867,0.009433962264150943,0.005660377358490566,0.016981132075471698,0.01509433962264151,0.0,0.024528301886792454,0.03207547169811321,0.1490566037735849,0.052830188679245285,0.013207547169811321,0.0,0.007547169811320755,0.024528301886792454,0.0,0.660377358490566,0.0018867924528301887,0.007547169811320755,0.013207547169811321,0.013207547169811321,0.0,0.018867924528301886,0.022641509433962263,0.0,0.0018867924528301887,0.007547169811320755,0.020754716981132074,0.0,0.01509433962264151,0.0,0.0,0.01509433962264151,0.0,0.02830188679245283,0.009433962264150943,0.0018867924528301887,0.0509433962264151,0.020754716981132074,0.005660377358490566,0.0,0.0,0.026415094339622643,0.0,0.007547169811320755,0.04339622641509434,0.0,0.0
202009,0.18840579710144928,0.12008281573498965,0.18219461697722567,0.028985507246376812,0.060041407867494824,0.024844720496894408,0.08902691511387163,0.020703933747412008,0.004140786749482402,0.020703933747412008,0.012422360248447204,0.0,0.026915113871635612,0.062111801242236024,0.15942028985507245,0.053830227743271224,0.012422360248447204,0.0,0.012422360248447204,0.018633540372670808,0.0,0.6004140786749482,0.002070393374741201,0.006211180124223602,0.014492753623188406,0.008281573498964804,0.0,0.031055900621118012,0.028985507246376812,0.0,0.0,0.008281573498964804,0.020703933747412008,0.0,0.008281573498964804,0.0,0.0,0.012422360248447204,0.0,0.006211180124223602,0.006211180124223602,0.0,0.049689440993788817,0.016563146997929608,0.008281573498964804,0.0,0.0,0.031055900621118012,0.0,0.012422360248447204,0.057971014492753624,0.002070393374741201,0.0
202010,0.17142857142857143,0.08131868131868132,0.189010989010989,0.017582417582417582,0.04395604395604396,0.03076923076923077,0.06813186813186813,0.01098901098901099,0.015384615384615385,0.02197802197802198,0.02197802197802198,0.002197802197802198,0.01098901098901099,0.05274725274725275,0.1824175824175824,0.06373626373626373,0.026373626373626374,0.0,0.01978021978021978,0.03296703296703297,0.0,0.6505494505494506,0.002197802197802198,0.008791208791208791,0.01098901098901099,0.006593406593406593,0.0,0.02197802197802198,0.017582417582417582,0.0,0.0,0.006593406593406593,0.026373626373626374,0.0,0.013186813186813187,0.0,0.0,0.01978021978021978,0.0,0.013186813186813187,0.01978021978021978,0.0,0.04835164835164835,0.01098901098901099,0.002197802197802198,0.0,0.004395604395604396,0.017582417582417582,0.002197802197802198,0.008791208791208791,0.04395604395604396,0.002197802197802198,0.0
202011,0.15212527964205816,0.09172259507829977,0.15212527964205816,0.015659955257270694,0.049217002237136466,0.03355704697986577,0.08277404921700224,0.013422818791946308,0.006711409395973154,0.02237136465324385,0.020134228187919462,0.0,0.029082774049217,0.04697986577181208,0.1319910514541387,0.04697986577181208,0.029082774049217,0.0,0.008948545861297539,0.017897091722595078,0.0,0.6375838926174496,0.0,0.0022371364653243847,0.013422818791946308,0.008948545861297539,0.0,0.02237136465324385,0.024608501118568233,0.0,0.0,0.006711409395973154,0.03131991051454139,0.0,0.006711409395973154,0.0,0.0,0.02237136465324385,0.0,0.015659955257270694,0.006711409395973154,0.0,0.05592841163310962,0.015659955257270694,0.008948545861297539,0.0,0.0022371364653243847,0.02237136465324385,0.0,0.006711409395973154,0.058165548098434,0.0044742729306487695,0.0
202012,0.17835671342685372,0.09819639278557114,0.18236472945891782,0.022044088176352707,0.03807615230460922,0.04008016032064128,0.05811623246492986,0.014028056112224449,0.014028056112224449,0.02404809619238477,0.018036072144288578,0.004008016032064128,0.018036072144288578,0.05410821643286573,0.19438877755511022,0.05410821643286573,0.04208416833667335,0.0,0.008016032064128256,0.03006012024048096,0.0,0.5871743486973948,0.0,0.01002004008016032,0.026052104208416832,0.002004008016032064,0.0,0.012024048096192385,0.03406813627254509,0.0,0.0,0.012024048096192385,0.03406813627254509,0.002004008016032064,0.03406813627254509,0.0,0.0,0.014028056112224449,0.002004008016032064,0.014028056112224449,0.018036072144288578,0.0,0.056112224448897796,0.022044088176352707,0.006012024048096192,0.0,0.004008016032064128,0.022044088176352707,0.0,0.008016032064128256,0.07615230460921844,0.006012024048096192,0.0
202101,0.20382165605095542,0.13588110403397027,0.17197452229299362,0.016985138004246284,0.050955414012738856,0.03821656050955414,0.07218683651804671,0.021231422505307854,0.008492569002123142,0.03397027600849257,0.01910828025477707,0.0,0.02335456475583864,0.06157112526539278,0.19957537154989385,0.04670912951167728,0.03821656050955414,0.0,0.0021231422505307855,0.025477707006369428,0.0,0.6560509554140127,0.0021231422505307855,0.021231422505307854,0.010615711252653927,0.010615711252653927,0.0,0.07006369426751592,0.03821656050955414,0.0,0.0,0.006369426751592357,0.03184713375796178,0.006369426751592357,0.014861995753715499,0.0,0.0,0.01910828025477707,0.0021231422505307855,0.01910828025477707,0.012738853503184714,0.0,0.06157112526539278,0.016985138004246284,0.006369426751592357,0.0,0.0021231422505307855,0.03397027600849257,0.0,0.004246284501061571,0.05307855626326964,0.0,0.0
202102,0.1751592356687898,0.18789808917197454,0.18152866242038215,0.03184713375796178,0.041401273885350316,0.044585987261146494,0.09872611464968153,0.025477707006369428,0.022292993630573247,0.054140127388535034,0.03184713375796178,0.0,0.041401273885350316,0.06050955414012739,0.16878980891719744,0.03184713375796178,0.050955414012738856,0.0,0.0,0.022292993630573247,0.0,0.5159235668789809,0.0,0.022292993630573247,0.012738853503184714,0.0031847133757961785,0.0,0.0031847133757961785,0.04777070063694268,0.0,0.0031847133757961785,0.01910828025477707,0.050955414012738856,0.0031847133757961785,0.03503184713375796,0.0,0.0,0.025477707006369428,0.0031847133757961785,0.01592356687898089,0.01910828025477707,0.0,0.09235668789808917,0.025477707006369428,0.022292993630573247,0.0,0.0,0.03503184713375796,0.0,0.01592356687898089,0.09872611464968153,0.012738853503184714,0.0
202103,0.18205128205128204,0.15897435897435896,0.15897435897435896,0.015384615384615385,0.05128205128205128,0.046153846153846156,0.11025641025641025,0.02564102564102564,0.015384615384615385,0.05641025641025641,0.02564102564102564,0.0,0.035897435897435895,0.06923076923076923,0.2,0.03333333333333333,0.05897435897435897,0.0,0.007692307692307693,0.03076923076923077,0.0,0.5128205128205128,0.0,0.007692307692307693,0.007692307692307693,0.0,0.0,0.005128205128205128,0.041025641025641026,0.0,0.0,0.023076923076923078,0.03333333333333333,0.0,0.02564102564102564,0.0,0.0,0.028205128205128206,0.0,0.015384615384615385,0.010256410256410256,0.0,0.08974358974358974,0.015384615384615385,0.02564102564102564,0.0,0.005128205128205128,0.03076923076923077,0.0,0.023076923076923078,0.06923076923076923,0.0,0.0
202104,0.21680216802168023,0.15176151761517614,0.15989159891598917,0.016260162601626018,0.024390243902439025,0.0921409214092141,0.10569105691056911,0.06504065040650407,0.024390243902439025,0.03523035230352303,0.018970189701897018,0.0,0.02168021680216802,0.04336043360433604,0.22493224932249323,0.032520325203252036,0.03523035230352303,0.0,0.013550135501355014,0.02710027100271003,0.0,0.5284552845528455,0.0,0.008130081300813009,0.005420054200542005,0.0,0.0,0.005420054200542005,0.02710027100271003,0.0027100271002710027,0.0,0.016260162601626018,0.04607046070460705,0.0027100271002710027,0.013550135501355014,0.0,0.0,0.04607046070460705,0.0,0.037940379403794036,0.032520325203252036,0.0,0.10298102981029811,0.02168021680216802,0.005420054200542005,0.0,0.008130081300813009,0.024390243902439025,0.0,0.016260162601626018,0.06504065040650407,0.005420054200542005,0.0
202105,0.16455696202531644,0.189873417721519,0.17974683544303796,0.030379746835443037,0.04556962025316456,0.06835443037974684,0.12151898734177215,0.04810126582278481,0.012658227848101266,0.02531645569620253,0.015189873417721518,0.0,0.027848101265822784,0.043037974683544304,0.14936708860759493,0.04810126582278481,0.03291139240506329,0.0,0.02278481012658228,0.043037974683544304,0.0,0.5341772151898734,0.0,0.015189873417721518,0.017721518987341773,0.0,0.0,0.002531645569620253,0.04556962025316456,0.0,0.0,0.017721518987341773,0.05569620253164557,0.002531645569620253,0.015189873417721518,0.0,0.0,0.04556962025316456,0.0,0.0379746835443038,0.010126582278481013,0.002531645569620253,0.06329113924050633,0.030379746835443037,0.005063291139240506,0.0,0.0,0.035443037974683546,0.0,0.015189873417721518,0.0810126582278481,0.007594936708860759,0.0
202106,0.18085106382978725,0.18882978723404256,0.14893617021276595,0.034574468085106384,0.05053191489361702,0.05851063829787234,0.1356382978723404,0.0398936170212766,0.0026595744680851063,0.03723404255319149,0.013297872340425532,0.0,0.013297872340425532,0.05585106382978723,0.18617021276595744,0.05585106382978723,0.0398936170212766,0.0,0.015957446808510637,0.013297872340425532,0.0,0.4973404255319149,0.0,0.010638297872340425,0.018617021276595744,0.0026595744680851063,0.0,0.0,0.05585106382978723,0.0,0.0,0.007978723404255319,0.0425531914893617,0.0026595744680851063,0.026595744680851064,0.0,0.0,0.031914893617021274,0.0,0.023936170212765957,0.023936170212765957,0.0,0.08244680851063829,0.031914893617021274,0.007978723404255319,0.0,0.0026595744680851063,0.04521276595744681,0.0,0.013297872340425532,0.06648936170212766,0.005319148936170213,0.0
202107,0.16584158415841585,0.18811881188118812,0.24504950495049505,0.024752475247524754,0.06683168316831684,0.06930693069306931,0.12871287128712872,0.04702970297029703,0.007425742574257425,0.03712871287128713,0.024752475247524754,0.0,0.0049504950495049506,0.034653465346534656,0.14603960396039603,0.027227722772277228,0.04950495049504951,0.0,0.01485148514851485,0.034653465346534656,0.0,0.45792079207920794,0.0,0.022277227722772276,0.019801980198019802,0.0,0.0,0.0024752475247524753,0.05693069306930693,0.0,0.0,0.017326732673267328,0.039603960396039604,0.0049504950495049506,0.012376237623762377,0.0,0.0,0.03217821782178218,0.0,0.0297029702970297,0.012376237623762377,0.0024752475247524753,0.08663366336633663,0.009900990099009901,0.009900990099009901,0.0,0.017326732673267328,0.019801980198019802,0.0,0.024752475247524754,0.05693069306930693,0.009900990099009901,0.0
202108,0.13672922252010725,0.23056300268096513,0.24128686327077747,0.029490616621983913,0.04825737265415549,0.04289544235924933,0.09651474530831099,0.032171581769437,0.00804289544235925,0.024128686327077747,0.013404825737265416,0.0,0.00804289544235925,0.029490616621983913,0.12064343163538874,0.032171581769437,0.040214477211796246,0.0,0.024128686327077747,0.05361930294906166,0.0,0.4932975871313673,0.0,0.00804289544235925,0.024128686327077747,0.0,0.0,0.0,0.06970509383378017,0.0,0.0,0.021447721179624665,0.05093833780160858,0.002680965147453083,0.00804289544235925,0.0,0.0,0.04289544235924933,0.0,0.01876675603217158,0.021447721179624665,0.0,0.06970509383378017,0.02680965147453083,0.013404825737265416,0.0,0.005361930294906166,0.02680965147453083,0.0,0.032171581769437,0.064343163538874,0.005361930294906166,0.0
202109,0.17039106145251395,0.17039106145251395,0.20391061452513967,0.01675977653631285,0.0446927374301676,0.061452513966480445,0.1340782122905028,0.05307262569832402,0.0111731843575419,0.025139664804469275,0.019553072625698324,0.002793296089385475,0.019553072625698324,0.05865921787709497,0.13966480446927373,0.0335195530726257,0.0335195530726257,0.0,0.027932960893854747,0.030726256983240222,0.0,0.4664804469273743,0.0,0.00558659217877095,0.027932960893854747,0.0,0.0,0.00558659217877095,0.05865921787709497,0.0,0.0,0.01675977653631285,0.04748603351955307,0.002793296089385475,0.01675977653631285,0.0,0.0,0.030726256983240222,0.0,0.01675977653631285,0.01675977653631285,0.002793296089385475,0.07541899441340782,0.01675977653631285,0.013966480446927373,0.0,0.0,0.0223463687150838,0.0,0.027932960893854747,0.03910614525139665,0.002793296089385475,0.0
202110,0.19430051813471502,0.19689119170984457,0.22538860103626943,0.018134715025906734,0.04145077720207254,0.04404145077720207,0.12694300518134716,0.023316062176165803,0.02072538860103627,0.03367875647668394,0.02849740932642487,0.0,0.015544041450777202,0.031088082901554404,0.15803108808290156,0.031088082901554404,0.031088082901554404,0.0,0.0051813471502590676,0.03367875647668394,0.0,0.5129533678756477,0.0,0.007772020725388601,0.012953367875647668,0.0025906735751295338,0.0,0.0025906735751295338,0.10103626943005181,0.0,0.0,0.0051813471502590676,0.03626943005181347,0.0025906735751295338,0.010362694300518135,0.0,0.0,0.018134715025906734,0.0,0.012953367875647668,0.015544041450777202,0.0,0.08290155440414508,0.02849740932642487,0.0051813471502590676,0.0,0.0025906735751295338,0.018134715025906734,0.0,0.025906735751295335,0.04922279792746114,0.007772020725388601,0.0
202111,0.18133333333333335,0.184,0.2773333333333333,0.037333333333333336,0.037333333333333336,0.058666666666666666,0.09066666666666667,0.029333333333333333,0.008,0.029333333333333333,0.016,0.0,0.021333333333333333,0.042666666666666665,0.168,0.042666666666666665,0.05333333333333334,0.0,0.021333333333333333,0.032,0.0,0.4746666666666667,0.0,0.008,0.029333333333333333,0.0026666666666666666,0.0,0.0026666666666666666,0.11733333333333333,0.0,0.0,0.008,0.04,0.0,0.008,0.0,0.0,0.018666666666666668,0.0,0.016,0.018666666666666668,0.0,0.10666666666666667,0.02666666666666667,0.013333333333333334,0.0,0.0,0.029333333333333333,0.0,0.037333333333333336,0.048,0.0026666666666666666,0.0
202112,0.11388888888888889,0.24166666666666667,0.2222222222222222,0.030555555555555555,0.025,0.04722222222222222,0.09444444444444444,0.022222222222222223,0.002777777777777778,0.03888888888888889,0.013888888888888888,0.0,0.008333333333333333,0.025,0.1,0.027777777777777776,0.05555555555555555,0.0,0.019444444444444445,0.05,0.0,0.46111111111111114,0.0,0.013888888888888888,0.016666666666666666,0.0,0.0,0.0,0.06944444444444445,0.0,0.0,0.016666666666666666,0.03888888888888889,0.002777777777777778,0.03888888888888889,0.0,0.002777777777777778,0.025,0.002777777777777778,0.0,0.016666666666666666,0.0,0.1,0.03611111111111111,0.011111111111111112,0.0,0.002777777777777778,0.022222222222222223,0.0,0.03333333333333333,0.08611111111111111,0.0,0.0
