label,mean_share,corr_random_cv,corr_forward,mae_random_cv,mae_forward
Deviation / Discrepancy - Procedural Published Material / Policy,0.5772182001272652,0.5560236840381187,0.44344208746094865,0.054532001487089525,0.0740486732607582
Aircraft Equipment Problem Less Severe,0.2026316825495151,0.700785134372887,0.7224014098615152,0.033417950906828274,0.04955839635745577
Deviation / Discrepancy - Procedural Clearance,0.1990639631692927,0.29002839662486457,0.4133955647258316,0.03538988751480738,0.05350112017018596
ATC Issue All Types,0.1855001213091322,0.8600794955855844,0.8593551107633413,0.014256700553631846,0.013797979417449998
Aircraft Equipment Problem Critical,0.1615159590436208,0.8923190946672406,0.844832109042585,0.034328992924644086,0.057310325718958444
Deviation / Discrepancy - Procedural FAR,0.1045061605126943,0.3131764702001848,0.3610745334560209,0.050496975470572705,0.08045373587670808
Inflight Event / Encounter Weather / Turbulence,0.0880783670216062,0.7586402993779267,0.6965066439944114,0.018487967068760096,0.021338126503073193
Conflict NMAC,0.0801063272009724,0.9452996534306208,0.9393950887553344,0.008865552596239449,0.008157937874851732
Inflight Event / Encounter CFTT / CFIT,0.0768605025773439,0.9173887923295834,0.9176687014490497,0.008164895811886686,0.01071491246936614
Deviation - Track / Heading All Types,0.0715088150585983,0.6055974175541683,0.7207192797948965,0.01652144325682648,0.02167376693126695
Flight Deck / Cabin / Aircraft Event Smoke / Fire / Fumes / Odor,0.0603769508791769,0.992678998758608,0.9828499441266138,0.005816209773495756,0.009124404180008547
Conflict Ground Conflict,0.0524313633438576,0.9221952442608454,0.9236291371053,0.006361675691773124,0.009731695286142514
Deviation - Altitude Excursion From Assigned Altitude,0.0510483619542908,0.5111328397672643,0.6113369941465501,0.01681385121763687,0.027257220775147813
Conflict Airborne Conflict,0.0510296394496204,0.6865212002054566,0.5167726030403806,0.009117933078414815,0.011350437581813177
Deviation / Discrepancy - Procedural Maintenance,0.0495231750636755,0.5537566354581588,0.6680531486331688,0.018547963127391983,0.02642695034713287
Deviation / Discrepancy - Procedural Hazardous Material Violation,0.0415152197439676,0.9660612358783128,0.972088531544668,0.004861049756156668,0.006140937048514766
Ground Event / Encounter Loss Of Aircraft Control,0.0413178305418307,0.8570127810049208,0.8673913307253617,0.007511751626504438,0.009758505537285557
Ground Event / Encounter Other / Unknown,0.0408893544005575,0.5845158903977185,0.027367448667888483,0.02085702616791433,0.02364621071184262
Critical,0.0367959009143725,0.8898927210776723,0.867933922320707,0.007783899493724425,0.01487555689897643
Airspace Violation All Types,0.0362758365080752,0.722254035693461,0.6850895944000551,0.011651229607780195,0.017437305274269968
Deviation - Speed All Types,0.0334259220935319,0.8352884954415554,0.7988733027778709,0.008387245746763099,0.010295229838098429
Inflight Event / Encounter Unstabilized Approach,0.032820178152552,0.7349642615753593,0.7139390182801628,0.0064719903725906636,0.007936113006398097
Flight Deck / Cabin / Aircraft Event Illness / Injury,0.0313808003746837,0.8230020105956499,0.7727956717111886,0.01029301539022033,0.01136827038878717
Deviation - Altitude Overshoot,0.0284665410152857,0.643347655343546,0.6763983139736316,0.009306409902967102,0.01394814977549864
Inflight Event / Encounter Fuel Issue,0.0261485470865152,0.7264406542916931,0.7087612467370283,0.005454861161661478,0.005842909896540115
Flight Deck / Cabin / Aircraft Event Other / Unknown,0.0256245426233058,0.5603739103966617,0.5658695938210276,0.01872297158636998,0.02015587809278173
Ground Excursion Runway,0.0251877333107811,0.9284444676721524,0.8935323982522374,0.004059554810496192,0.004476276871020408
Inflight Event / Encounter Wake Vortex Encounter,0.0242669601878245,0.9826406248428821,0.9629093732580045,0.002230386681814186,0.0031313964263409225
Ground Incursion Runway,0.0237010562319378,0.6153787554675012,0.5669965317181891,0.006831209092243425,0.007928390294727954
Inflight Event / Encounter Loss Of Aircraft Control,0.0231135442752476,0.4581486311962647,0.5504864229175238,0.012902395364240708,0.016945368740117272
Deviation / Discrepancy - Procedural Weight And Balance,0.0230972825666948,0.4999051023290607,0.4699443717043801,0.009050409519890149,0.0131842389724807
Deviation / Discrepancy - Procedural MEL / CDL,0.0217689340536048,0.8032735992789388,0.725105806660006,0.009157681366676341,0.012172480999728584
Deviation - Altitude Crossing Restriction Not Met,0.0179141750856182,0.6796556057973118,0.6947176687540126,0.005431517898084297,0.007181868847963351
Ground Event / Encounter Ground Strike - Aircraft,0.0178264839485868,0.7992509750825327,0.7530116922718498,0.005921465967851196,0.007501595934257889
Flight Deck / Cabin / Aircraft Event Passenger Misconduct,0.0176374905388352,0.97789231032401,0.6955231583139855,0.004491883354125079,0.014715725840256247
Ground Incursion Taxiway,0.0170254026550984,0.7306493337020203,0.5723492026021451,0.0043589505401593846,0.007459138818974875
Less Severe,0.0157215223599814,0.2653100692529831,0.10823656708402951,0.010446391623407828,0.01096888047499261
Inflight Event / Encounter Other / Unknown,0.0130442089390781,0.29515796735252875,0.10179159560670809,0.010712974917155074,0.010755653669318618
Ground Event / Encounter Object,0.0116981263865289,0.3483985242806873,0.2666663353820889,0.008316868286402294,0.008694437776027086
Deviation / Discrepancy - Procedural Other / Unknown,0.0083193246674728,0.06853272927465263,,0.006348053585222974,0.006388605085628488
Deviation - Altitude Undershoot,0.0079142486036654,0.6642163155626883,0.19573665084208894,0.005822458319216718,0.006690971752369827
Deviation / Discrepancy - Procedural Security,0.0051594261104385,0.4402637084186715,0.0835604475115861,0.0038375556317106338,0.0038630849810562897
Ground Excursion Taxiway,0.0048485656399707,0.6706385095710541,0.6054706893932538,0.0036587312136123562,0.003955200974443894
No Specific Anomaly Occurred All Types,0.0043712508043655,,,0.004546070474344648,0.004546070474344648
Ground Event / Encounter Vehicle,0.0041073423147851,0.3017456074857319,0.3264057014331899,0.004272856852409196,0.004392706405969605
Deviation / Discrepancy - Procedural Landing Without Clearance,0.0040930481699257,0.2204890409889807,,0.0037877971564446475,0.0039023507375044917
Inflight Event / Encounter VFR In IMC,0.0038831797191501,0.32114963260243456,0.3270468668141476,0.002676861083096167,0.002611150673499294
Ground Event / Encounter Gear Up Landing,0.0036764988219238,0.5144790652838651,0.40474449541010044,0.002452998039861875,0.0026704015910310494
Ground Event / Encounter Aircraft,0.0035986862893312,0.34772592614929265,0.2855961261229621,0.002708325796964163,0.002808084397056757
Inflight Event / Encounter Bird / Animal,0.0034844302152986,0.5679508644076794,0.38378467317577314,0.002218122860332112,0.0027061276167349565
Inflight Event / Encounter Object,0.0033250449198124,,,0.0030206921477740995,0.0030206921477740995
Ground Event / Encounter Person / Animal / Bird,0.0024938849481098,,,0.002596637072634366,0.002596637072634366
Flight Deck / Cabin / Aircraft Event Passenger Electronic Device,0.0018889447229944,-0.12464580566784796,,0.0018557346654302681,0.0018134549427852487
